{"Downtown":828.2407407407,"Fairview":757.09375,"Arbutus-Ridge":722.6315789474,"Kitsilano":707.8301886792,"Riley Park":704.2461538462,"Dunbar-Southlands":700.2962962963,"Marpole":676.8055555556,"Kerrisdale":673.3333333333,"Grandview-Woodland":671.2063492063,"West Point Grey":669.7297297297,"West End":666.1083333333,"Sunset":663.8118811881,"South Cambie":648.1481481481,"Unknown":644.7055837563,"Oakridge":638.3870967742,"Mount Pleasant":631.0833333333,"Shaughnessy":630.5555555556,"Strathcona":621.7307692308,"Killarney":600.0,"Hastings-Sunrise":575.3358208955,"Kensington-Cedar Cottage":556.0508474576,"Renfrew-Collingwood":554.0051020408,"Victoria-Fraserview":525.0}