{"0":1.0,"1":0.8726551227,"2":0.493189907,"3":0.2985775134,"4":0.2734341438,"5":0.2444547987,"6":0.2165311042,"7":0.1848562904,"8":0.1653095528,"9":0.1438805367,"10":0.1233261743,"11":0.1000703814,"12":0.0844343843,"13":0.0716710472,"14":0.0520193084,"15":0.0487681016,"16":0.0487681016}